username,email,dtime
rare_charles6,charlesthompson@inbox.ru,15/11/2021 08:15
busy_patricia5,patriciasmith@bk.ru,07/11/2021 08:07
tasty-thomas2,thomasmiller@aol.com,01/11/2021 11:01
quiet~elizabeth9,elizabethjackson@rambler.ru,03/11/2021 05:03
strong_thomas9,thomaswhite@iCloud.com,15/11/2021 12:15
hot_david1,davidanderson@rambler.ru,11/11/2021 05:11
cute~william2,williamlee@yandex.ru,12/11/2021 10:12
strong~joseph6,josephlee@list.ru,27/11/2021 02:27
poor-susan9,susanjones@mail.ru,05/11/2021 11:05
sad-elizabeth1,elizabethmartin@gmail.com,17/11/2021 05:17
tasty_michael6,michaelmartinez@rambler.ru,23/11/2021 03:23
clever-linda8,lindamartin@mail.ru,12/11/2021 03:12
kind-daniel4,danieljones@aol.com,12/11/2021 08:12
hot_david7,daviddavis@aol.com,11/11/2021 08:11
brave~richard6,richardrodriguez@yandex.ru,17/11/2021 01:17
angry-elizabeth6,elizabethbrown@bk.ru,25/11/2021 10:25
kind_john5,johnjohnson@internet.ru,30/11/2021 01:30
tasty_william4,williammiller@aol.com,17/11/2021 08:17
poor~susan3,susanjones@mail.ru,27/11/2021 07:27
asleep_david0,davidtaylor@outlook.com,16/11/2021 05:16
big_thomas0,thomasmiller@aol.com,25/11/2021 12:25
quiet~barbara5,barbaramoore@yahoo.com,28/11/2021 01:28
angry-thomas5,thomasmoore@list.ru,20/11/2021 11:20
lonely-charles3,charlesmoore@bk.ru,19/11/2021 02:19
rare-mark6,markmartin@rambler.ru,02/11/2021 02:02
cute_mark5,markdavis@internet.ru,24/11/2021 01:24
dead~maria0,mariawhite@aol.com,17/11/2021 09:17
nice-john4,johnthompson@inbox.ru,12/11/2021 05:12
nice-jennifer9,jenniferrodriguez@rambler.ru,20/11/2021 10:20
fresh-jennifer3,jenniferanderson@yahoo.com,11/11/2021 10:11
hot-joseph3,josephrodriguez@rambler.ru,10/11/2021 07:10
brave~charles3,charlesdavis@gmail.com,27/11/2021 08:27
brave-david9,davidgarcia@yahoo.com,12/11/2021 06:12
quiet~linda1,lindamartinez@aol.com,11/11/2021 12:11
asleep_patricia7,patriciajones@yandex.ru,14/11/2021 05:14
sad-elizabeth8,elizabethjohnson@rambler.ru,24/11/2021 03:24
silent-elizabeth4,elizabethgarcia@inbox.ru,20/11/2021 06:20
silent~patricia2,patriciamartinez@inbox.ru,21/11/2021 09:21
cute~michael5,michaelmartinez@rambler.ru,22/11/2021 07:22
clever_daniel9,danielmartinez@gmail.com,28/11/2021 09:28
asleep-mary7,marythomas@iCloud.com,01/11/2021 03:01
horny_mark5,markanderson@bk.ru,04/11/2021 10:04
strong-john9,johndavis@list.ru,28/11/2021 02:28
angry~maria9,marialee@outlook.com,20/11/2021 03:20
nice~william0,williammoore@yandex.ru,27/11/2021 11:27
rich_mary8,maryjohnson@iCloud.com,07/11/2021 05:07
brave_maria6,mariasmith@aol.com,30/11/2021 09:30
nice_mark1,markrodriguez@iCloud.com,15/11/2021 07:15
rare~maria6,mariathompson@aol.com,08/11/2021 01:08
tasty~linda6,lindabrown@gmail.com,08/11/2021 08:08
thebest_mary9,maryrodriguez@gmail.com,20/11/2021 07:20
quiet-joseph4,josephrodriguez@rambler.ru,01/11/2021 09:01
rich~mark9,markwilliams@yandex.ru,16/11/2021 07:16
horny-joseph3,josephbrown@list.ru,30/11/2021 04:30
cool_maria4,mariamoore@aol.com,23/11/2021 01:23
rare_thomas5,thomasbrown@yandex.ru,13/11/2021 04:13
silent_patricia2,patriciadavis@mail.ru,23/11/2021 04:23
strong_thomas0,thomasgarcia@internet.ru,15/11/2021 06:15
kind_maria1,mariawilliams@rambler.ru,06/11/2021 08:06
poor~daniel3,danieljackson@bk.ru,08/11/2021 07:08
happy_robert5,robertmartinez@internet.ru,13/11/2021 08:13
rich_robert3,robertmartin@mail.ru,11/11/2021 03:11
kind_richard4,richardmiller@list.ru,30/11/2021 08:30
rare_elizabeth2,elizabethmartin@gmail.com,21/11/2021 06:21
tasty_joseph1,josephmoore@mail.ru,10/11/2021 01:10
clever~mark9,markwilliams@yandex.ru,07/11/2021 08:07
hot~david5,davidanderson@rambler.ru,12/11/2021 06:12
brave-charles7,charlesmartinez@aol.com,24/11/2021 11:24
clever_david6,davidbrown@mail.ru,10/11/2021 01:10
nice~william2,williammartin@iCloud.com,20/11/2021 09:20
happy-william9,williamjackson@bk.ru,14/11/2021 02:14
asleep-charles9,charlesanderson@outlook.com,01/11/2021 10:01
dead-thomas5,thomasjackson@yahoo.com,09/11/2021 09:09
kind~thomas4,thomasjones@outlook.com,14/11/2021 07:14
horny-mark5,markmiller@gmail.com,20/11/2021 01:20
lonely-elizabeth9,elizabethjackson@rambler.ru,29/11/2021 02:29
rich_william8,williamlee@yandex.ru,23/11/2021 01:23
poor~thomas9,thomasthomas@aol.com,24/11/2021 02:24
happy_charles7,charlesthompson@inbox.ru,16/11/2021 05:16
nice_maria4,mariamartin@iCloud.com,10/11/2021 06:10
cute-charles5,charlesbrown@inbox.ru,24/11/2021 05:24
thebest~susan4,susangarcia@rambler.ru,20/11/2021 10:20
brave_william3,williamthomas@internet.ru,23/11/2021 10:23
tired_patricia4,patriciawilson@mail.ru,23/11/2021 05:23
old-robert4,robertmiller@outlook.com,01/11/2021 05:01
lonely_elizabeth3,elizabeththomas@aol.com,02/11/2021 02:02
lonely~linda4,lindawilliams@list.ru,28/11/2021 10:28
hot-james6,jameswilliams@gmail.com,16/11/2021 02:16
horny-mary0,marymiller@inbox.ru,10/11/2021 07:10
horny~linda2,lindaanderson@list.ru,14/11/2021 03:14
thebest_barbara5,barbaramartinez@bk.ru,30/11/2021 05:30
lonely~robert7,robertjackson@mail.ru,10/11/2021 03:10
busy_james3,jamesthompson@internet.ru,17/11/2021 05:17
sad~david4,davidlee@internet.ru,23/11/2021 07:23
kind~robert7,robertlee@outlook.com,28/11/2021 02:28
busy_richard8,richardjones@inbox.ru,30/11/2021 11:30
dead_charles5,charlesjones@gmail.com,15/11/2021 01:15
poor-mary8,marygarcia@gmail.com,21/11/2021 07:21
tired_elizabeth9,elizabethjones@mail.ru,16/11/2021 11:16
